{"cameraMode":{"drawMode":0,"name":"Shaded","section":"Shading Mode"},"sceneLighting":false,"audioPlay":false,"sceneViewState":{"m_AlwaysRefresh":false,"showFog":true,"showSkybox":false,"showFlares":true,"showImageEffects":true,"showParticleSystems":true,"showVisualEffectGraphs":true,"m_FxEnabled":true},"in2DMode":false,"pivot":{"x":14.451457977294922,"y":5.550869941711426,"z":18.493446350097658},"rotation":{"x":0.4027166962623596,"y":0.40722572803497317,"z":-0.20687024295330048,"w":0.7933186888694763},"size":0.8660253882408142,"orthographic":false}