{"cameraMode":{"drawMode":0,"name":"Shaded","section":"Shading Mode"},"sceneLighting":true,"audioPlay":false,"sceneViewState":{"m_AlwaysRefresh":false,"showFog":true,"showSkybox":true,"showFlares":true,"showImageEffects":true,"showParticleSystems":true,"showVisualEffectGraphs":true,"m_FxEnabled":true},"in2DMode":false,"pivot":{"x":4.194832801818848,"y":11.135038375854493,"z":-0.16262733936309815},"rotation":{"x":0.18959327042102815,"y":0.37076491117477419,"z":-0.07786876708269119,"w":0.9059532880783081},"size":17.62742805480957,"orthographic":true}