{"cameraMode":{"drawMode":0,"name":"Shaded","section":"Shading Mode"},"sceneLighting":false,"audioPlay":false,"sceneViewState":{"m_AlwaysRefresh":false,"showFog":true,"showSkybox":false,"showFlares":true,"showImageEffects":true,"showParticleSystems":true,"showVisualEffectGraphs":true,"m_FxEnabled":true},"in2DMode":false,"pivot":{"x":452.03912353515627,"y":498.33447265625,"z":-1975.885986328125},"rotation":{"x":0.018295835703611375,"y":0.009302299469709397,"z":-0.00030387105653062463,"w":0.999870777130127},"size":311.6332702636719,"orthographic":false}