{"cameraMode":{"drawMode":0,"name":"Shaded","section":"Shading Mode"},"sceneLighting":false,"audioPlay":false,"sceneViewState":{"m_AlwaysRefresh":false,"showFog":true,"showSkybox":false,"showFlares":true,"showImageEffects":true,"showParticleSystems":true,"showVisualEffectGraphs":true,"m_FxEnabled":true},"in2DMode":false,"pivot":{"x":-2.186525344848633,"y":2.6720070838928224,"z":0.21968317031860352},"rotation":{"x":0.03557095304131508,"y":0.26453137397766116,"z":-0.009778534062206746,"w":0.963690996170044},"size":10.18691635131836,"orthographic":true}